,Player,StatType,Value
0,Albert Pujols,AVG,0.327
1,Ben Zobrist,AVG,0.297
2,Chase Utley,AVG,0.282
3,Joe Mauer,AVG,0.365
4,Chone Figgins,AVG,0.298
5,Hanley Ramírez,AVG,0.342
6,Ryan Zimmerman,AVG,0.292
7,Evan Longoria,AVG,0.281
8,Adrián González,AVG,0.277
9,Franklin Gutierrez,AVG,0.283
10,Derek Jeter,AVG,0.334
11,Kevin Youkilis,AVG,0.305
12,Troy Tulowitzki,AVG,0.297
13,Prince Fielder,AVG,0.299
14,Ryan Braun,AVG,0.32
15,Jason Bartlett,AVG,0.32
16,Ian Kinsler,AVG,0.253
17,Aaron Hill,AVG,0.286
18,Dustin Pedroia,AVG,0.296
19,Shin-Soo Choo,AVG,0.3
20,Derrek Lee,AVG,0.306
21,Marco Scutaro,AVG,0.282
22,Matt Holliday,AVG,0.313
23,Mark Teixeira,AVG,0.292
24,Torii Hunter,AVG,0.299
25,Scott Rolen,AVG,0.305
26,Jason Bay,AVG,0.267
27,Miguel Cabrera,AVG,0.324
28,Carl Crawford,AVG,0.305
29,Michael Bourn,AVG,0.285
30,Matt Kemp,AVG,0.297
31,Joey Votto,AVG,0.322
32,Ichiro Suzuki,AVG,0.352
33,Casey Blake,AVG,0.28
34,Jayson Werth,AVG,0.268
35,Robinson Canó,AVG,0.32
36,J.D. Drew,AVG,0.279
37,Curtis Granderson,AVG,0.249
38,Kendrys Morales,AVG,0.306
39,Pablo Sandoval,AVG,0.33
40,Yunel Escobar,AVG,0.299
41,Asdrúbal Cabrera,AVG,0.308
42,Johnny Damon,AVG,0.282
43,Álex Rodríguez,AVG,0.286
44,Orlando Hudson,AVG,0.283
45,Justin Upton,AVG,0.3
46,Hunter Pence,AVG,0.282
47,Adam Lind,AVG,0.305
48,Denard Span,AVG,0.311
49,Juan Rivera,AVG,0.287
50,Ryan Howard,AVG,0.279
51,Shane Victorino,AVG,0.292
52,Elvis Andrus,AVG,0.267
53,Victor Martinez,AVG,0.303
54,Lance Berkman,AVG,0.274
55,Justin Morneau,AVG,0.274
56,Jason Kubel,AVG,0.3
57,Erick Aybar,AVG,0.312
58,Rafael Furcal,AVG,0.269
59,Kurt Suzuki,AVG,0.274
60,Nate McLouth,AVG,0.256
61,Todd Helton,AVG,0.325
62,Mark Reynolds,AVG,0.26
63,Felipe López,AVG,0.31
64,Brian McCann,AVG,0.281
65,David Wright,AVG,0.307
66,Bobby Abreu,AVG,0.293
67,Yadier Molina,AVG,0.293
68,Carlos Peña,AVG,0.227
69,Mike Cameron,AVG,0.25
70,Andre Ethier,AVG,0.272
71,Ryan Sweeney,AVG,0.293
72,Martín Prado,AVG,0.307
73,Stephen Drew,AVG,0.261
74,Brian Roberts,AVG,0.283
75,Nick Markakis,AVG,0.293
76,Raúl Ibañez,AVG,0.272
77,Brandon Inge,AVG,0.23
78,Michael Young,AVG,0.322
79,Brandon Phillips,AVG,0.276
80,Michael Cuddyer,AVG,0.276
81,Jacoby Ellsbury,AVG,0.301
82,Nyjer Morgan,AVG,0.307
83,Hideki Matsui,AVG,0.274
84,Adam Jones,AVG,0.277
85,Russell Branyan,AVG,0.251
86,Josh Willingham,AVG,0.26
87,Alberto Callaspo,AVG,0.3
88,Plácido Polanco,AVG,0.285
89,Russell Martin,AVG,0.25
90,Alexei Ramírez,AVG,0.277
91,Andy LaRoche,AVG,0.258
92,Cody Ross,AVG,0.27
93,Chipper Jones,AVG,0.264
94,Billy Butler,AVG,0.301
95,Nelson Cruz,AVG,0.26
96,Marlon Byrd,AVG,0.283
97,Clint Barmes,AVG,0.245
98,Grady Sizemore,AVG,0.248
99,David DeJesus,AVG,0.281
100,Adam LaRoche,AVG,0.277
101,José López,AVG,0.272
102,Dan Uggla,AVG,0.243
103,James Loney,AVG,0.281
104,Kosuke Fukudome,AVG,0.259
105,Paul Konerko,AVG,0.277
106,Nick Swisher,AVG,0.249
107,Miguel Tejada,AVG,0.313
108,Colby Rasmus,AVG,0.251
109,Carlos Lee,AVG,0.3
110,Jimmy Rollins,AVG,0.25
111,Mark DeRosa,AVG,0.25
112,Daniel Murphy,AVG,0.266
113,Cristian Guzmán,AVG,0.284
114,Skip Schumaker,AVG,0.303
115,A.J. Pierzynski,AVG,0.3
116,Nick Johnson,AVG,0.291
117,Kevin Kouzmanoff,AVG,0.255
118,Luis Castillo,AVG,0.302
119,Brad Hawpe,AVG,0.285
120,Jeff Francoeur,AVG,0.28
121,Ryan Ludwick,AVG,0.265
122,Randy Winn,AVG,0.262
123,Scott Podsednik,AVG,0.304
124,Dexter Fowler,AVG,0.266
125,Luke Scott,AVG,0.258
126,Melky Cabrera,AVG,0.274
127,Pedro Feliz,AVG,0.266
128,B.J. Upton,AVG,0.241
129,Chris Coghlan,AVG,0.321
130,Adam Kennedy,AVG,0.289
131,Ryan Theriot,AVG,0.284
132,Jhonny Peralta,AVG,0.254
133,Jack Cust,AVG,0.24
134,David Eckstein,AVG,0.26
135,Aaron Rowand,AVG,0.261
136,Vernon Wells,AVG,0.26
137,Álex Ríos,AVG,0.247
138,Jorge Cantú,AVG,0.289
139,Magglio Ordóñez,AVG,0.31
140,David Ortiz,AVG,0.238
141,Chase Headley,AVG,0.262
142,Kazuo Matsui,AVG,0.25
143,Jermaine Dye,AVG,0.25
144,Jason Kendall,AVG,0.241
145,Mark Teahen,AVG,0.271
146,Adam Dunn,AVG,0.267
147,Bengie Molina,AVG,0.265
148,Orlando Cabrera,AVG,0.284
149,Emilio Bonifácio,AVG,0.252
150,Édgar Rentería,AVG,0.25
151,Garret Anderson,AVG,0.268
152,Alfonso Soriano,AVG,0.241
153,Aubrey Huff,AVG,0.241
154,Yuniesky Betancourt,AVG,0.245
155,Albert Pujols,OBP,0.443
156,Ben Zobrist,OBP,0.405
157,Chase Utley,OBP,0.397
158,Joe Mauer,OBP,0.444
159,Chone Figgins,OBP,0.395
160,Hanley Ramírez,OBP,0.41
161,Ryan Zimmerman,OBP,0.364
162,Evan Longoria,OBP,0.364
163,Adrián González,OBP,0.407
164,Franklin Gutierrez,OBP,0.339
165,Derek Jeter,OBP,0.406
166,Kevin Youkilis,OBP,0.413
167,Troy Tulowitzki,OBP,0.377
168,Prince Fielder,OBP,0.412
169,Ryan Braun,OBP,0.386
170,Jason Bartlett,OBP,0.389
171,Ian Kinsler,OBP,0.327
172,Aaron Hill,OBP,0.33
173,Dustin Pedroia,OBP,0.371
174,Shin-Soo Choo,OBP,0.394
175,Derrek Lee,OBP,0.393
176,Marco Scutaro,OBP,0.379
177,Matt Holliday,OBP,0.394
178,Mark Teixeira,OBP,0.383
179,Torii Hunter,OBP,0.366
180,Scott Rolen,OBP,0.368
181,Jason Bay,OBP,0.384
182,Miguel Cabrera,OBP,0.396
183,Carl Crawford,OBP,0.364
184,Michael Bourn,OBP,0.354
185,Matt Kemp,OBP,0.352
186,Joey Votto,OBP,0.414
187,Ichiro Suzuki,OBP,0.386
188,Casey Blake,OBP,0.363
189,Jayson Werth,OBP,0.373
190,Robinson Canó,OBP,0.352
191,J.D. Drew,OBP,0.392
192,Curtis Granderson,OBP,0.327
193,Kendrys Morales,OBP,0.355
194,Pablo Sandoval,OBP,0.387
195,Yunel Escobar,OBP,0.377
196,Asdrúbal Cabrera,OBP,0.361
197,Johnny Damon,OBP,0.365
198,Álex Rodríguez,OBP,0.402
199,Orlando Hudson,OBP,0.357
200,Justin Upton,OBP,0.366
201,Hunter Pence,OBP,0.346
202,Adam Lind,OBP,0.37
203,Denard Span,OBP,0.392
204,Juan Rivera,OBP,0.332
205,Ryan Howard,OBP,0.36
206,Shane Victorino,OBP,0.358
207,Elvis Andrus,OBP,0.329
208,Victor Martinez,OBP,0.381
209,Lance Berkman,OBP,0.399
210,Justin Morneau,OBP,0.363
211,Jason Kubel,OBP,0.369
212,Erick Aybar,OBP,0.353
213,Rafael Furcal,OBP,0.335
214,Kurt Suzuki,OBP,0.313
215,Nate McLouth,OBP,0.352
216,Todd Helton,OBP,0.416
217,Mark Reynolds,OBP,0.349
218,Felipe López,OBP,0.383
219,Brian McCann,OBP,0.349
220,David Wright,OBP,0.39
221,Bobby Abreu,OBP,0.39
222,Yadier Molina,OBP,0.366
223,Carlos Peña,OBP,0.356
224,Mike Cameron,OBP,0.342
225,Andre Ethier,OBP,0.361
226,Ryan Sweeney,OBP,0.348
227,Martín Prado,OBP,0.358
228,Stephen Drew,OBP,0.32
229,Brian Roberts,OBP,0.356
230,Nick Markakis,OBP,0.347
231,Raúl Ibañez,OBP,0.347
232,Brandon Inge,OBP,0.314
233,Michael Young,OBP,0.374
234,Brandon Phillips,OBP,0.329
235,Michael Cuddyer,OBP,0.342
236,Jacoby Ellsbury,OBP,0.355
237,Nyjer Morgan,OBP,0.369
238,Hideki Matsui,OBP,0.367
239,Adam Jones,OBP,0.335
240,Russell Branyan,OBP,0.347
241,Josh Willingham,OBP,0.367
242,Alberto Callaspo,OBP,0.356
243,Plácido Polanco,OBP,0.331
244,Russell Martin,OBP,0.352
245,Alexei Ramírez,OBP,0.333
246,Andy LaRoche,OBP,0.33
247,Cody Ross,OBP,0.321
248,Chipper Jones,OBP,0.388
249,Billy Butler,OBP,0.362
250,Nelson Cruz,OBP,0.332
251,Marlon Byrd,OBP,0.329
252,Clint Barmes,OBP,0.294
253,Grady Sizemore,OBP,0.343
254,David DeJesus,OBP,0.347
255,Adam LaRoche,OBP,0.355
256,José López,OBP,0.303
257,Dan Uggla,OBP,0.354
258,James Loney,OBP,0.357
259,Kosuke Fukudome,OBP,0.375
260,Paul Konerko,OBP,0.353
261,Nick Swisher,OBP,0.371
262,Miguel Tejada,OBP,0.34
263,Colby Rasmus,OBP,0.307
264,Carlos Lee,OBP,0.343
265,Jimmy Rollins,OBP,0.296
266,Mark DeRosa,OBP,0.319
267,Daniel Murphy,OBP,0.313
268,Cristian Guzmán,OBP,0.306
269,Skip Schumaker,OBP,0.364
270,A.J. Pierzynski,OBP,0.331
271,Nick Johnson,OBP,0.426
272,Kevin Kouzmanoff,OBP,0.302
273,Luis Castillo,OBP,0.387
274,Brad Hawpe,OBP,0.384
275,Jeff Francoeur,OBP,0.309
276,Ryan Ludwick,OBP,0.329
277,Randy Winn,OBP,0.318
278,Scott Podsednik,OBP,0.353
279,Dexter Fowler,OBP,0.363
280,Luke Scott,OBP,0.34
281,Melky Cabrera,OBP,0.336
282,Pedro Feliz,OBP,0.308
283,B.J. Upton,OBP,0.313
284,Chris Coghlan,OBP,0.39
285,Adam Kennedy,OBP,0.348
286,Ryan Theriot,OBP,0.343
287,Jhonny Peralta,OBP,0.316
288,Jack Cust,OBP,0.356
289,David Eckstein,OBP,0.323
290,Aaron Rowand,OBP,0.319
291,Vernon Wells,OBP,0.311
292,Álex Ríos,OBP,0.296
293,Jorge Cantú,OBP,0.345
294,Magglio Ordóñez,OBP,0.376
295,David Ortiz,OBP,0.332
296,Chase Headley,OBP,0.342
297,Kazuo Matsui,OBP,0.302
298,Jermaine Dye,OBP,0.34
299,Jason Kendall,OBP,0.331
300,Mark Teahen,OBP,0.325
301,Adam Dunn,OBP,0.398
302,Bengie Molina,OBP,0.285
303,Orlando Cabrera,OBP,0.316
304,Emilio Bonifácio,OBP,0.303
305,Édgar Rentería,OBP,0.307
306,Garret Anderson,OBP,0.303
307,Alfonso Soriano,OBP,0.303
308,Aubrey Huff,OBP,0.31
309,Yuniesky Betancourt,OBP,0.274
310,Albert Pujols,SLG,0.658
311,Ben Zobrist,SLG,0.543
312,Chase Utley,SLG,0.508
313,Joe Mauer,SLG,0.587
314,Chone Figgins,SLG,0.393
315,Hanley Ramírez,SLG,0.543
316,Ryan Zimmerman,SLG,0.525
317,Evan Longoria,SLG,0.526
318,Adrián González,SLG,0.551
319,Franklin Gutierrez,SLG,0.425
320,Derek Jeter,SLG,0.465
321,Kevin Youkilis,SLG,0.548
322,Troy Tulowitzki,SLG,0.552
323,Prince Fielder,SLG,0.602
324,Ryan Braun,SLG,0.551
325,Jason Bartlett,SLG,0.49
326,Ian Kinsler,SLG,0.488
327,Aaron Hill,SLG,0.499
328,Dustin Pedroia,SLG,0.447
329,Shin-Soo Choo,SLG,0.489
330,Derrek Lee,SLG,0.579
331,Marco Scutaro,SLG,0.409
332,Matt Holliday,SLG,0.515
333,Mark Teixeira,SLG,0.565
334,Torii Hunter,SLG,0.508
335,Scott Rolen,SLG,0.455
336,Jason Bay,SLG,0.537
337,Miguel Cabrera,SLG,0.547
338,Carl Crawford,SLG,0.452
339,Michael Bourn,SLG,0.384
340,Matt Kemp,SLG,0.49
341,Joey Votto,SLG,0.567
342,Ichiro Suzuki,SLG,0.465
343,Casey Blake,SLG,0.468
344,Jayson Werth,SLG,0.506
345,Robinson Canó,SLG,0.52
346,J.D. Drew,SLG,0.522
347,Curtis Granderson,SLG,0.453
348,Kendrys Morales,SLG,0.569
349,Pablo Sandoval,SLG,0.556
350,Yunel Escobar,SLG,0.436
351,Asdrúbal Cabrera,SLG,0.438
352,Johnny Damon,SLG,0.489
353,Álex Rodríguez,SLG,0.532
354,Orlando Hudson,SLG,0.417
355,Justin Upton,SLG,0.532
356,Hunter Pence,SLG,0.472
357,Adam Lind,SLG,0.562
358,Denard Span,SLG,0.415
359,Juan Rivera,SLG,0.478
360,Ryan Howard,SLG,0.571
361,Shane Victorino,SLG,0.445
362,Elvis Andrus,SLG,0.373
363,Victor Martinez,SLG,0.48
364,Lance Berkman,SLG,0.509
365,Justin Morneau,SLG,0.516
366,Jason Kubel,SLG,0.539
367,Erick Aybar,SLG,0.423
368,Rafael Furcal,SLG,0.375
369,Kurt Suzuki,SLG,0.421
370,Nate McLouth,SLG,0.436
371,Todd Helton,SLG,0.489
372,Mark Reynolds,SLG,0.543
373,Felipe López,SLG,0.427
374,Brian McCann,SLG,0.486
375,David Wright,SLG,0.447
376,Bobby Abreu,SLG,0.435
377,Yadier Molina,SLG,0.383
378,Carlos Peña,SLG,0.537
379,Mike Cameron,SLG,0.452
380,Andre Ethier,SLG,0.508
381,Ryan Sweeney,SLG,0.407
382,Martín Prado,SLG,0.464
383,Stephen Drew,SLG,0.428
384,Brian Roberts,SLG,0.451
385,Nick Markakis,SLG,0.453
386,Raúl Ibañez,SLG,0.552
387,Brandon Inge,SLG,0.406
388,Michael Young,SLG,0.518
389,Brandon Phillips,SLG,0.447
390,Michael Cuddyer,SLG,0.52
391,Jacoby Ellsbury,SLG,0.415
392,Nyjer Morgan,SLG,0.388
393,Hideki Matsui,SLG,0.509
394,Adam Jones,SLG,0.457
395,Russell Branyan,SLG,0.52
396,Josh Willingham,SLG,0.496
397,Alberto Callaspo,SLG,0.457
398,Plácido Polanco,SLG,0.396
399,Russell Martin,SLG,0.329
400,Alexei Ramírez,SLG,0.389
401,Andy LaRoche,SLG,0.401
402,Cody Ross,SLG,0.469
403,Chipper Jones,SLG,0.43
404,Billy Butler,SLG,0.492
405,Nelson Cruz,SLG,0.524
406,Marlon Byrd,SLG,0.479
407,Clint Barmes,SLG,0.44
408,Grady Sizemore,SLG,0.445
409,David DeJesus,SLG,0.434
410,Adam LaRoche,SLG,0.488
411,José López,SLG,0.463
412,Dan Uggla,SLG,0.459
413,James Loney,SLG,0.399
414,Kosuke Fukudome,SLG,0.421
415,Paul Konerko,SLG,0.489
416,Nick Swisher,SLG,0.498
417,Miguel Tejada,SLG,0.455
418,Colby Rasmus,SLG,0.407
419,Carlos Lee,SLG,0.489
420,Jimmy Rollins,SLG,0.423
421,Mark DeRosa,SLG,0.433
422,Daniel Murphy,SLG,0.427
423,Cristian Guzmán,SLG,0.39
424,Skip Schumaker,SLG,0.393
425,A.J. Pierzynski,SLG,0.425
426,Nick Johnson,SLG,0.405
427,Kevin Kouzmanoff,SLG,0.42
428,Luis Castillo,SLG,0.346
429,Brad Hawpe,SLG,0.519
430,Jeff Francoeur,SLG,0.423
431,Ryan Ludwick,SLG,0.447
432,Randy Winn,SLG,0.353
433,Scott Podsednik,SLG,0.412
434,Dexter Fowler,SLG,0.406
435,Luke Scott,SLG,0.488
436,Melky Cabrera,SLG,0.416
437,Pedro Feliz,SLG,0.386
438,B.J. Upton,SLG,0.373
439,Chris Coghlan,SLG,0.46
440,Adam Kennedy,SLG,0.41
441,Ryan Theriot,SLG,0.369
442,Jhonny Peralta,SLG,0.375
443,Jack Cust,SLG,0.417
444,David Eckstein,SLG,0.334
445,Aaron Rowand,SLG,0.419
446,Vernon Wells,SLG,0.4
447,Álex Ríos,SLG,0.395
448,Jorge Cantú,SLG,0.443
449,Magglio Ordóñez,SLG,0.428
450,David Ortiz,SLG,0.462
451,Chase Headley,SLG,0.392
452,Kazuo Matsui,SLG,0.357
453,Jermaine Dye,SLG,0.453
454,Jason Kendall,SLG,0.305
455,Mark Teahen,SLG,0.408
456,Adam Dunn,SLG,0.529
457,Bengie Molina,SLG,0.442
458,Orlando Cabrera,SLG,0.389
459,Emilio Bonifácio,SLG,0.308
460,Édgar Rentería,SLG,0.328
461,Garret Anderson,SLG,0.401
462,Alfonso Soriano,SLG,0.423
463,Aubrey Huff,SLG,0.384
464,Yuniesky Betancourt,SLG,0.351
465,Albert Pujols,BABiP,0.299
466,Ben Zobrist,BABiP,0.326
467,Chase Utley,BABiP,0.3
468,Joe Mauer,BABiP,0.373
469,Chone Figgins,BABiP,0.356
470,Hanley Ramírez,BABiP,0.379
471,Ryan Zimmerman,BABiP,0.31
472,Evan Longoria,BABiP,0.313
473,Adrián González,BABiP,0.278
474,Franklin Gutierrez,BABiP,0.333
475,Derek Jeter,BABiP,0.368
476,Kevin Youkilis,BABiP,0.359
477,Troy Tulowitzki,BABiP,0.316
478,Prince Fielder,BABiP,0.315
479,Ryan Braun,BABiP,0.353
480,Jason Bartlett,BABiP,0.364
481,Ian Kinsler,BABiP,0.241
482,Aaron Hill,BABiP,0.288
483,Dustin Pedroia,BABiP,0.297
484,Shin-Soo Choo,BABiP,0.37
485,Derrek Lee,BABiP,0.327
486,Marco Scutaro,BABiP,0.304
487,Matt Holliday,BABiP,0.341
488,Mark Teixeira,BABiP,0.302
489,Torii Hunter,BABiP,0.33
490,Scott Rolen,BABiP,0.327
491,Jason Bay,BABiP,0.315
492,Miguel Cabrera,BABiP,0.348
493,Carl Crawford,BABiP,0.342
494,Michael Bourn,BABiP,0.366
495,Matt Kemp,BABiP,0.345
496,Joey Votto,BABiP,0.372
497,Ichiro Suzuki,BABiP,0.384
498,Casey Blake,BABiP,0.327
499,Jayson Werth,BABiP,0.304
500,Robinson Canó,BABiP,0.324
501,J.D. Drew,BABiP,0.319
502,Curtis Granderson,BABiP,0.275
503,Kendrys Morales,BABiP,0.329
504,Pablo Sandoval,BABiP,0.35
505,Yunel Escobar,BABiP,0.317
506,Asdrúbal Cabrera,BABiP,0.36
507,Johnny Damon,BABiP,0.305
508,Álex Rodríguez,BABiP,0.303
509,Orlando Hudson,BABiP,0.328
510,Justin Upton,BABiP,0.36
511,Hunter Pence,BABiP,0.308
512,Adam Lind,BABiP,0.323
513,Denard Span,BABiP,0.353
514,Juan Rivera,BABiP,0.281
515,Ryan Howard,BABiP,0.325
516,Shane Victorino,BABiP,0.315
517,Elvis Andrus,BABiP,0.305
518,Victor Martinez,BABiP,0.312
519,Lance Berkman,BABiP,0.296
520,Justin Morneau,BABiP,0.273
521,Jason Kubel,BABiP,0.327
522,Erick Aybar,BABiP,0.338
523,Rafael Furcal,BABiP,0.302
524,Kurt Suzuki,BABiP,0.28
525,Nate McLouth,BABiP,0.281
526,Todd Helton,BABiP,0.348
527,Mark Reynolds,BABiP,0.338
528,Felipe López,BABiP,0.358
529,Brian McCann,BABiP,0.297
530,David Wright,BABiP,0.394
531,Bobby Abreu,BABiP,0.338
532,Yadier Molina,BABiP,0.309
533,Carlos Peña,BABiP,0.25
534,Mike Cameron,BABiP,0.304
535,Andre Ethier,BABiP,0.289
536,Ryan Sweeney,BABiP,0.327
537,Martín Prado,BABiP,0.331
538,Stephen Drew,BABiP,0.288
539,Brian Roberts,BABiP,0.318
540,Nick Markakis,BABiP,0.317
541,Raúl Ibañez,BABiP,0.29
542,Brandon Inge,BABiP,0.277
543,Michael Young,BABiP,0.351
544,Brandon Phillips,BABiP,0.284
545,Michael Cuddyer,BABiP,0.295
546,Jacoby Ellsbury,BABiP,0.328
547,Nyjer Morgan,BABiP,0.355
548,Hideki Matsui,BABiP,0.273
549,Adam Jones,BABiP,0.308
550,Russell Branyan,BABiP,0.3
551,Josh Willingham,BABiP,0.289
552,Alberto Callaspo,BABiP,0.312
553,Plácido Polanco,BABiP,0.293
554,Russell Martin,BABiP,0.284
555,Alexei Ramírez,BABiP,0.288
556,Andy LaRoche,BABiP,0.286
557,Cody Ross,BABiP,0.306
558,Chipper Jones,BABiP,0.287
559,Billy Butler,BABiP,0.332
560,Nelson Cruz,BABiP,0.278
561,Marlon Byrd,BABiP,0.308
562,Clint Barmes,BABiP,0.271
563,Grady Sizemore,BABiP,0.275
564,David DeJesus,BABiP,0.311
565,Adam LaRoche,BABiP,0.328
566,José López,BABiP,0.27
567,Dan Uggla,BABiP,0.274
568,James Loney,BABiP,0.299
569,Kosuke Fukudome,BABiP,0.31
570,Paul Konerko,BABiP,0.282
571,Nick Swisher,BABiP,0.272
572,Miguel Tejada,BABiP,0.318
573,Colby Rasmus,BABiP,0.282
574,Carlos Lee,BABiP,0.29
575,Jimmy Rollins,BABiP,0.251
576,Mark DeRosa,BABiP,0.282
577,Daniel Murphy,BABiP,0.284
578,Cristian Guzmán,BABiP,0.322
579,Skip Schumaker,BABiP,0.341
580,A.J. Pierzynski,BABiP,0.312
581,Nick Johnson,BABiP,0.338
582,Kevin Kouzmanoff,BABiP,0.285
583,Luis Castillo,BABiP,0.338
584,Brad Hawpe,BABiP,0.356
585,Jeff Francoeur,BABiP,0.305
586,Ryan Ludwick,BABiP,0.296
587,Randy Winn,BABiP,0.308
588,Scott Podsednik,BABiP,0.341
589,Dexter Fowler,BABiP,0.351
590,Luke Scott,BABiP,0.283
591,Melky Cabrera,BABiP,0.288
592,Pedro Feliz,BABiP,0.281
593,B.J. Upton,BABiP,0.31
594,Chris Coghlan,BABiP,0.365
595,Adam Kennedy,BABiP,0.326
596,Ryan Theriot,BABiP,0.323
597,Jhonny Peralta,BABiP,0.309
598,Jack Cust,BABiP,0.319
599,David Eckstein,BABiP,0.281
600,Aaron Rowand,BABiP,0.318
601,Vernon Wells,BABiP,0.279
602,Álex Ríos,BABiP,0.273
603,Jorge Cantú,BABiP,0.31
604,Magglio Ordóñez,BABiP,0.344
605,David Ortiz,BABiP,0.262
606,Chase Headley,BABiP,0.325
607,Kazuo Matsui,BABiP,0.285
608,Jermaine Dye,BABiP,0.268
609,Jason Kendall,BABiP,0.27
610,Mark Teahen,BABiP,0.332
611,Adam Dunn,BABiP,0.324
612,Bengie Molina,BABiP,0.266
613,Orlando Cabrera,BABiP,0.302
614,Emilio Bonifácio,BABiP,0.312
615,Édgar Rentería,BABiP,0.281
616,Garret Anderson,BABiP,0.286
617,Alfonso Soriano,BABiP,0.279
618,Aubrey Huff,BABiP,0.26
619,Yuniesky Betancourt,BABiP,0.256
620,Albert Pujols,ISO,0.331
621,Ben Zobrist,ISO,0.246
622,Chase Utley,ISO,0.226
623,Joe Mauer,ISO,0.222
624,Chone Figgins,ISO,0.096
625,Hanley Ramírez,ISO,0.201
626,Ryan Zimmerman,ISO,0.233
627,Evan Longoria,ISO,0.245
628,Adrián González,ISO,0.274
629,Franklin Gutierrez,ISO,0.142
630,Derek Jeter,ISO,0.131
631,Kevin Youkilis,ISO,0.242
632,Troy Tulowitzki,ISO,0.256
633,Prince Fielder,ISO,0.303
634,Ryan Braun,ISO,0.231
635,Jason Bartlett,ISO,0.17
636,Ian Kinsler,ISO,0.235
637,Aaron Hill,ISO,0.213
638,Dustin Pedroia,ISO,0.152
639,Shin-Soo Choo,ISO,0.189
640,Derrek Lee,ISO,0.273
641,Marco Scutaro,ISO,0.127
642,Matt Holliday,ISO,0.201
643,Mark Teixeira,ISO,0.273
644,Torii Hunter,ISO,0.208
645,Scott Rolen,ISO,0.149
646,Jason Bay,ISO,0.269
647,Miguel Cabrera,ISO,0.223
648,Carl Crawford,ISO,0.147
649,Michael Bourn,ISO,0.099
650,Matt Kemp,ISO,0.193
651,Joey Votto,ISO,0.245
652,Ichiro Suzuki,ISO,0.113
653,Casey Blake,ISO,0.188
654,Jayson Werth,ISO,0.238
655,Robinson Canó,ISO,0.199
656,J.D. Drew,ISO,0.243
657,Curtis Granderson,ISO,0.204
658,Kendrys Morales,ISO,0.263
659,Pablo Sandoval,ISO,0.226
660,Yunel Escobar,ISO,0.136
661,Asdrúbal Cabrera,ISO,0.13
662,Johnny Damon,ISO,0.207
663,Álex Rodríguez,ISO,0.245
664,Orlando Hudson,ISO,0.134
665,Justin Upton,ISO,0.232
666,Hunter Pence,ISO,0.19
667,Adam Lind,ISO,0.257
668,Denard Span,ISO,0.104
669,Juan Rivera,ISO,0.191
670,Ryan Howard,ISO,0.292
671,Shane Victorino,ISO,0.153
672,Elvis Andrus,ISO,0.106
673,Victor Martinez,ISO,0.177
674,Lance Berkman,ISO,0.235
675,Justin Morneau,ISO,0.242
676,Jason Kubel,ISO,0.239
677,Erick Aybar,ISO,0.111
678,Rafael Furcal,ISO,0.106
679,Kurt Suzuki,ISO,0.147
680,Nate McLouth,ISO,0.179
681,Todd Helton,ISO,0.164
682,Mark Reynolds,ISO,0.284
683,Felipe López,ISO,0.118
684,Brian McCann,ISO,0.205
685,David Wright,ISO,0.14
686,Bobby Abreu,ISO,0.142
687,Yadier Molina,ISO,0.089
688,Carlos Peña,ISO,0.31
689,Mike Cameron,ISO,0.202
690,Andre Ethier,ISO,0.237
691,Ryan Sweeney,ISO,0.114
692,Martín Prado,ISO,0.158
693,Stephen Drew,ISO,0.167
694,Brian Roberts,ISO,0.168
695,Nick Markakis,ISO,0.16
696,Raúl Ibañez,ISO,0.28
697,Brandon Inge,ISO,0.176
698,Michael Young,ISO,0.196
699,Brandon Phillips,ISO,0.171
700,Michael Cuddyer,ISO,0.245
701,Jacoby Ellsbury,ISO,0.114
702,Nyjer Morgan,ISO,0.081
703,Hideki Matsui,ISO,0.235
704,Adam Jones,ISO,0.18
705,Russell Branyan,ISO,0.269
706,Josh Willingham,ISO,0.237
707,Alberto Callaspo,ISO,0.156
708,Plácido Polanco,ISO,0.112
709,Russell Martin,ISO,0.079
710,Alexei Ramírez,ISO,0.113
711,Andy LaRoche,ISO,0.143
712,Cody Ross,ISO,0.199
713,Chipper Jones,ISO,0.166
714,Billy Butler,ISO,0.191
715,Nelson Cruz,ISO,0.264
716,Marlon Byrd,ISO,0.196
717,Clint Barmes,ISO,0.195
718,Grady Sizemore,ISO,0.197
719,David DeJesus,ISO,0.152
720,Adam LaRoche,ISO,0.211
721,José López,ISO,0.191
722,Dan Uggla,ISO,0.216
723,James Loney,ISO,0.118
724,Kosuke Fukudome,ISO,0.162
725,Paul Konerko,ISO,0.212
726,Nick Swisher,ISO,0.249
727,Miguel Tejada,ISO,0.142
728,Colby Rasmus,ISO,0.156
729,Carlos Lee,ISO,0.189
730,Jimmy Rollins,ISO,0.173
731,Mark DeRosa,ISO,0.183
732,Daniel Murphy,ISO,0.161
733,Cristian Guzmán,ISO,0.105
734,Skip Schumaker,ISO,0.09
735,A.J. Pierzynski,ISO,0.125
736,Nick Johnson,ISO,0.114
737,Kevin Kouzmanoff,ISO,0.164
738,Luis Castillo,ISO,0.043
739,Brad Hawpe,ISO,0.234
740,Jeff Francoeur,ISO,0.143
741,Ryan Ludwick,ISO,0.181
742,Randy Winn,ISO,0.091
743,Scott Podsednik,ISO,0.108
744,Dexter Fowler,ISO,0.141
745,Luke Scott,ISO,0.229
746,Melky Cabrera,ISO,0.142
747,Pedro Feliz,ISO,0.121
748,B.J. Upton,ISO,0.132
749,Chris Coghlan,ISO,0.139
750,Adam Kennedy,ISO,0.121
751,Ryan Theriot,ISO,0.085
752,Jhonny Peralta,ISO,0.12
753,Jack Cust,ISO,0.177
754,David Eckstein,ISO,0.074
755,Aaron Rowand,ISO,0.158
756,Vernon Wells,ISO,0.14
757,Álex Ríos,ISO,0.148
758,Jorge Cantú,ISO,0.154
759,Magglio Ordóñez,ISO,0.118
760,David Ortiz,ISO,0.224
761,Chase Headley,ISO,0.131
762,Kazuo Matsui,ISO,0.107
763,Jermaine Dye,ISO,0.203
764,Jason Kendall,ISO,0.064
765,Mark Teahen,ISO,0.137
766,Adam Dunn,ISO,0.262
767,Bengie Molina,ISO,0.177
768,Orlando Cabrera,ISO,0.105
769,Emilio Bonifácio,ISO,0.056
770,Édgar Rentería,ISO,0.078
771,Garret Anderson,ISO,0.133
772,Alfonso Soriano,ISO,0.182
773,Aubrey Huff,ISO,0.144
774,Yuniesky Betancourt,ISO,0.106
775,Albert Pujols,GB%,38.5
776,Ben Zobrist,GB%,41.0
777,Chase Utley,GB%,34.4
778,Joe Mauer,GB%,48.6
779,Chone Figgins,GB%,39.2
780,Hanley Ramírez,GB%,38.9
781,Ryan Zimmerman,GB%,39.2
782,Evan Longoria,GB%,38.8
783,Adrián González,GB%,38.6
784,Franklin Gutierrez,GB%,43.7
785,Derek Jeter,GB%,56.8
786,Kevin Youkilis,GB%,34.6
787,Troy Tulowitzki,GB%,42.3
788,Prince Fielder,GB%,41.3
789,Ryan Braun,GB%,47.4
790,Jason Bartlett,GB%,33.9
791,Ian Kinsler,GB%,29.9
792,Aaron Hill,GB%,39.0
793,Dustin Pedroia,GB%,40.2
794,Shin-Soo Choo,GB%,43.5
795,Derrek Lee,GB%,36.3
796,Marco Scutaro,GB%,35.8
797,Matt Holliday,GB%,44.4
798,Mark Teixeira,GB%,36.8
799,Torii Hunter,GB%,46.4
800,Scott Rolen,GB%,37.5
801,Jason Bay,GB%,34.6
802,Miguel Cabrera,GB%,44.0
803,Carl Crawford,GB%,51.9
804,Michael Bourn,GB%,53.5
805,Matt Kemp,GB%,41.0
806,Joey Votto,GB%,39.0
807,Ichiro Suzuki,GB%,54.6
808,Casey Blake,GB%,41.3
809,Jayson Werth,GB%,36.8
810,Robinson Canó,GB%,47.2
811,J.D. Drew,GB%,38.6
812,Curtis Granderson,GB%,30.5
813,Kendrys Morales,GB%,42.5
814,Pablo Sandoval,GB%,44.1
815,Yunel Escobar,GB%,49.7
816,Asdrúbal Cabrera,GB%,46.8
817,Johnny Damon,GB%,40.7
818,Álex Rodríguez,GB%,43.1
819,Orlando Hudson,GB%,54.9
820,Justin Upton,GB%,44.9
821,Hunter Pence,GB%,53.0
822,Adam Lind,GB%,43.2
823,Denard Span,GB%,50.1
824,Juan Rivera,GB%,44.4
825,Ryan Howard,GB%,36.7
826,Shane Victorino,GB%,44.7
827,Elvis Andrus,GB%,52.4
828,Victor Martinez,GB%,44.8
829,Lance Berkman,GB%,43.7
830,Justin Morneau,GB%,41.7
831,Jason Kubel,GB%,39.0
832,Erick Aybar,GB%,42.0
833,Rafael Furcal,GB%,50.9
834,Kurt Suzuki,GB%,44.7
835,Nate McLouth,GB%,40.5
836,Todd Helton,GB%,39.9
837,Mark Reynolds,GB%,34.9
838,Felipe López,GB%,52.1
839,Brian McCann,GB%,37.9
840,David Wright,GB%,40.1
841,Bobby Abreu,GB%,48.4
842,Yadier Molina,GB%,50.8
843,Carlos Peña,GB%,28.3
844,Mike Cameron,GB%,36.1
845,Andre Ethier,GB%,38.4
846,Ryan Sweeney,GB%,46.0
847,Martín Prado,GB%,42.4
848,Stephen Drew,GB%,37.6
849,Brian Roberts,GB%,36.7
850,Nick Markakis,GB%,43.5
851,Raúl Ibañez,GB%,42.5
852,Brandon Inge,GB%,40.9
853,Michael Young,GB%,45.9
854,Brandon Phillips,GB%,49.9
855,Michael Cuddyer,GB%,44.9
856,Jacoby Ellsbury,GB%,48.8
857,Nyjer Morgan,GB%,50.0
858,Hideki Matsui,GB%,38.9
859,Adam Jones,GB%,55.1
860,Russell Branyan,GB%,33.2
861,Josh Willingham,GB%,36.9
862,Alberto Callaspo,GB%,41.7
863,Plácido Polanco,GB%,42.6
864,Russell Martin,GB%,49.5
865,Alexei Ramírez,GB%,44.9
866,Andy LaRoche,GB%,48.0
867,Cody Ross,GB%,34.2
868,Chipper Jones,GB%,44.9
869,Billy Butler,GB%,48.7
870,Nelson Cruz,GB%,38.4
871,Marlon Byrd,GB%,41.0
872,Clint Barmes,GB%,29.4
873,Grady Sizemore,GB%,36.0
874,David DeJesus,GB%,44.9
875,Adam LaRoche,GB%,35.2
876,José López,GB%,40.4
877,Dan Uggla,GB%,37.5
878,James Loney,GB%,43.7
879,Kosuke Fukudome,GB%,45.1
880,Paul Konerko,GB%,35.8
881,Nick Swisher,GB%,38.1
882,Miguel Tejada,GB%,49.2
883,Colby Rasmus,GB%,33.9
884,Carlos Lee,GB%,35.8
885,Jimmy Rollins,GB%,40.1
886,Mark DeRosa,GB%,43.9
887,Daniel Murphy,GB%,39.0
888,Cristian Guzmán,GB%,52.7
889,Skip Schumaker,GB%,61.7
890,A.J. Pierzynski,GB%,46.5
891,Nick Johnson,GB%,43.8
892,Kevin Kouzmanoff,GB%,45.2
893,Luis Castillo,GB%,54.9
894,Brad Hawpe,GB%,43.6
895,Jeff Francoeur,GB%,37.8
896,Ryan Ludwick,GB%,32.5
897,Randy Winn,GB%,45.4
898,Scott Podsednik,GB%,51.6
899,Dexter Fowler,GB%,38.0
900,Luke Scott,GB%,40.5
901,Melky Cabrera,GB%,49.3
902,Pedro Feliz,GB%,43.7
903,B.J. Upton,GB%,42.8
904,Chris Coghlan,GB%,47.8
905,Adam Kennedy,GB%,41.0
906,Ryan Theriot,GB%,49.1
907,Jhonny Peralta,GB%,50.9
908,Jack Cust,GB%,37.0
909,David Eckstein,GB%,44.3
910,Aaron Rowand,GB%,44.8
911,Vernon Wells,GB%,42.8
912,Álex Ríos,GB%,42.7
913,Jorge Cantú,GB%,36.7
914,Magglio Ordóñez,GB%,52.0
915,David Ortiz,GB%,31.9
916,Chase Headley,GB%,44.2
917,Kazuo Matsui,GB%,44.0
918,Jermaine Dye,GB%,39.3
919,Jason Kendall,GB%,44.2
920,Mark Teahen,GB%,51.6
921,Adam Dunn,GB%,32.9
922,Bengie Molina,GB%,30.9
923,Orlando Cabrera,GB%,45.1
924,Emilio Bonifácio,GB%,48.9
925,Édgar Rentería,GB%,46.4
926,Garret Anderson,GB%,41.7
927,Alfonso Soriano,GB%,33.8
928,Aubrey Huff,GB%,47.4
929,Yuniesky Betancourt,GB%,40.6
930,Albert Pujols,FB%,32.6
931,Ben Zobrist,FB%,27.9
932,Chase Utley,FB%,38.1
933,Joe Mauer,FB%,28.8
934,Chone Figgins,FB%,29.8
935,Hanley Ramírez,FB%,28.5
936,Ryan Zimmerman,FB%,31.0
937,Evan Longoria,FB%,35.3
938,Adrián González,FB%,33.7
939,Franklin Gutierrez,FB%,28.2
940,Derek Jeter,FB%,20.0
941,Kevin Youkilis,FB%,40.0
942,Troy Tulowitzki,FB%,32.0
943,Prince Fielder,FB%,32.9
944,Ryan Braun,FB%,22.6
945,Jason Bartlett,FB%,28.9
946,Ian Kinsler,FB%,36.9
947,Aaron Hill,FB%,30.1
948,Dustin Pedroia,FB%,35.3
949,Shin-Soo Choo,FB%,30.8
950,Derrek Lee,FB%,40.7
951,Marco Scutaro,FB%,32.9
952,Matt Holliday,FB%,26.9
953,Mark Teixeira,FB%,34.6
954,Torii Hunter,FB%,25.8
955,Scott Rolen,FB%,30.4
956,Jason Bay,FB%,37.0
957,Miguel Cabrera,FB%,24.2
958,Carl Crawford,FB%,22.4
959,Michael Bourn,FB%,19.2
960,Matt Kemp,FB%,31.7
961,Joey Votto,FB%,33.0
962,Ichiro Suzuki,FB%,19.8
963,Casey Blake,FB%,30.8
964,Jayson Werth,FB%,37.3
965,Robinson Canó,FB%,26.1
966,J.D. Drew,FB%,33.9
967,Curtis Granderson,FB%,34.3
968,Kendrys Morales,FB%,36.5
969,Pablo Sandoval,FB%,28.5
970,Yunel Escobar,FB%,26.5
971,Asdrúbal Cabrera,FB%,25.5
972,Johnny Damon,FB%,31.4
973,Álex Rodríguez,FB%,31.1
974,Orlando Hudson,FB%,20.6
975,Justin Upton,FB%,28.7
976,Hunter Pence,FB%,26.7
977,Adam Lind,FB%,31.2
978,Denard Span,FB%,23.9
979,Juan Rivera,FB%,29.8
980,Ryan Howard,FB%,38.5
981,Shane Victorino,FB%,22.8
982,Elvis Andrus,FB%,16.7
983,Victor Martinez,FB%,28.7
984,Lance Berkman,FB%,33.1
985,Justin Morneau,FB%,34.0
986,Jason Kubel,FB%,35.8
987,Erick Aybar,FB%,25.1
988,Rafael Furcal,FB%,20.6
989,Kurt Suzuki,FB%,28.1
990,Nate McLouth,FB%,33.5
991,Todd Helton,FB%,28.9
992,Mark Reynolds,FB%,37.4
993,Felipe López,FB%,23.3
994,Brian McCann,FB%,33.6
995,David Wright,FB%,28.2
996,Bobby Abreu,FB%,29.6
997,Yadier Molina,FB%,22.7
998,Carlos Peña,FB%,36.3
999,Mike Cameron,FB%,38.7
1000,Andre Ethier,FB%,34.9
1001,Ryan Sweeney,FB%,22.6
1002,Martín Prado,FB%,28.1
1003,Stephen Drew,FB%,33.8
1004,Brian Roberts,FB%,34.6
1005,Nick Markakis,FB%,31.2
1006,Raúl Ibañez,FB%,33.4
1007,Brandon Inge,FB%,32.3
1008,Michael Young,FB%,26.8
1009,Brandon Phillips,FB%,26.8
1010,Michael Cuddyer,FB%,30.5
1011,Jacoby Ellsbury,FB%,24.4
1012,Nyjer Morgan,FB%,20.2
1013,Hideki Matsui,FB%,31.9
1014,Adam Jones,FB%,21.9
1015,Russell Branyan,FB%,37.7
1016,Josh Willingham,FB%,32.9
1017,Alberto Callaspo,FB%,36.0
1018,Plácido Polanco,FB%,27.4
1019,Russell Martin,FB%,22.7
1020,Alexei Ramírez,FB%,26.3
1021,Andy LaRoche,FB%,26.1
1022,Cody Ross,FB%,34.4
1023,Chipper Jones,FB%,32.8
1024,Billy Butler,FB%,28.5
1025,Nelson Cruz,FB%,32.9
1026,Marlon Byrd,FB%,31.6
1027,Clint Barmes,FB%,32.1
1028,Grady Sizemore,FB%,36.0
1029,David DeJesus,FB%,28.3
1030,Adam LaRoche,FB%,38.3
1031,José López,FB%,29.4
1032,Dan Uggla,FB%,34.8
1033,James Loney,FB%,27.7
1034,Kosuke Fukudome,FB%,25.6
1035,Paul Konerko,FB%,35.6
1036,Nick Swisher,FB%,33.1
1037,Miguel Tejada,FB%,24.0
1038,Colby Rasmus,FB%,37.3
1039,Carlos Lee,FB%,34.4
1040,Jimmy Rollins,FB%,29.1
1041,Mark DeRosa,FB%,31.2
1042,Daniel Murphy,FB%,31.6
1043,Cristian Guzmán,FB%,19.9
1044,Skip Schumaker,FB%,14.4
1045,A.J. Pierzynski,FB%,27.3
1046,Nick Johnson,FB%,28.8
1047,Kevin Kouzmanoff,FB%,28.9
1048,Luis Castillo,FB%,13.7
1049,Brad Hawpe,FB%,31.4
1050,Jeff Francoeur,FB%,30.5
1051,Ryan Ludwick,FB%,36.1
1052,Randy Winn,FB%,26.8
1053,Scott Podsednik,FB%,24.0
1054,Dexter Fowler,FB%,26.6
1055,Luke Scott,FB%,32.9
1056,Melky Cabrera,FB%,22.1
1057,Pedro Feliz,FB%,28.1
1058,B.J. Upton,FB%,28.0
1059,Chris Coghlan,FB%,23.0
1060,Adam Kennedy,FB%,26.8
1061,Ryan Theriot,FB%,24.3
1062,Jhonny Peralta,FB%,25.0
1063,Jack Cust,FB%,37.7
1064,David Eckstein,FB%,23.4
1065,Aaron Rowand,FB%,30.0
1066,Vernon Wells,FB%,28.6
1067,Álex Ríos,FB%,30.4
1068,Jorge Cantú,FB%,30.1
1069,Magglio Ordóñez,FB%,19.9
1070,David Ortiz,FB%,41.5
1071,Chase Headley,FB%,30.3
1072,Kazuo Matsui,FB%,23.8
1073,Jermaine Dye,FB%,31.0
1074,Jason Kendall,FB%,26.7
1075,Mark Teahen,FB%,23.5
1076,Adam Dunn,FB%,35.3
1077,Bengie Molina,FB%,39.2
1078,Orlando Cabrera,FB%,25.0
1079,Emilio Bonifácio,FB%,20.6
1080,Édgar Rentería,FB%,23.2
1081,Garret Anderson,FB%,31.9
1082,Alfonso Soriano,FB%,36.0
1083,Aubrey Huff,FB%,26.2
1084,Yuniesky Betancourt,FB%,25.7
1085,Albert Pujols,LD%,19.3
1086,Ben Zobrist,LD%,23.9
1087,Chase Utley,LD%,19.4
1088,Joe Mauer,LD%,20.9
1089,Chone Figgins,LD%,21.2
1090,Hanley Ramírez,LD%,22.5
1091,Ryan Zimmerman,LD%,21.8
1092,Evan Longoria,LD%,20.6
1093,Adrián González,LD%,22.3
1094,Franklin Gutierrez,LD%,19.2
1095,Derek Jeter,LD%,21.1
1096,Kevin Youkilis,LD%,21.4
1097,Troy Tulowitzki,LD%,16.6
1098,Prince Fielder,LD%,19.7
1099,Ryan Braun,LD%,20.7
1100,Jason Bartlett,LD%,27.4
1101,Ian Kinsler,LD%,17.7
1102,Aaron Hill,LD%,21.4
1103,Dustin Pedroia,LD%,18.1
1104,Shin-Soo Choo,LD%,21.4
1105,Derrek Lee,LD%,17.8
1106,Marco Scutaro,LD%,21.3
1107,Matt Holliday,LD%,19.1
1108,Mark Teixeira,LD%,19.4
1109,Torii Hunter,LD%,19.0
1110,Scott Rolen,LD%,23.3
1111,Jason Bay,LD%,17.7
1112,Miguel Cabrera,LD%,23.4
1113,Carl Crawford,LD%,20.4
1114,Michael Bourn,LD%,17.1
1115,Matt Kemp,LD%,22.2
1116,Joey Votto,LD%,24.7
1117,Ichiro Suzuki,LD%,18.9
1118,Casey Blake,LD%,23.2
1119,Jayson Werth,LD%,19.7
1120,Robinson Canó,LD%,21.6
1121,J.D. Drew,LD%,20.6
1122,Curtis Granderson,LD%,21.2
1123,Kendrys Morales,LD%,15.8
1124,Pablo Sandoval,LD%,19.0
1125,Yunel Escobar,LD%,18.1
1126,Asdrúbal Cabrera,LD%,20.4
1127,Johnny Damon,LD%,18.5
1128,Álex Rodríguez,LD%,20.0
1129,Orlando Hudson,LD%,17.4
1130,Justin Upton,LD%,17.3
1131,Hunter Pence,LD%,13.6
1132,Adam Lind,LD%,21.4
1133,Denard Span,LD%,15.8
1134,Juan Rivera,LD%,16.6
1135,Ryan Howard,LD%,22.7
1136,Shane Victorino,LD%,19.9
1137,Elvis Andrus,LD%,21.3
1138,Victor Martinez,LD%,21.0
1139,Lance Berkman,LD%,17.8
1140,Justin Morneau,LD%,15.2
1141,Jason Kubel,LD%,17.9
1142,Erick Aybar,LD%,15.4
1143,Rafael Furcal,LD%,16.8
1144,Kurt Suzuki,LD%,19.3
1145,Nate McLouth,LD%,14.7
1146,Todd Helton,LD%,25.8
1147,Mark Reynolds,LD%,19.6
1148,Felipe López,LD%,21.9
1149,Brian McCann,LD%,18.8
1150,David Wright,LD%,25.7
1151,Bobby Abreu,LD%,19.0
1152,Yadier Molina,LD%,20.9
1153,Carlos Peña,LD%,20.9
1154,Mike Cameron,LD%,16.8
1155,Andre Ethier,LD%,21.1
1156,Ryan Sweeney,LD%,23.6
1157,Martín Prado,LD%,20.0
1158,Stephen Drew,LD%,19.7
1159,Brian Roberts,LD%,22.3
1160,Nick Markakis,LD%,17.7
1161,Raúl Ibañez,LD%,18.4
1162,Brandon Inge,LD%,17.2
1163,Michael Young,LD%,24.4
1164,Brandon Phillips,LD%,17.3
1165,Michael Cuddyer,LD%,14.6
1166,Jacoby Ellsbury,LD%,18.5
1167,Nyjer Morgan,LD%,17.8
1168,Hideki Matsui,LD%,20.4
1169,Adam Jones,LD%,18.8
1170,Russell Branyan,LD%,18.7
1171,Josh Willingham,LD%,22.8
1172,Alberto Callaspo,LD%,17.9
1173,Plácido Polanco,LD%,22.3
1174,Russell Martin,LD%,19.2
1175,Alexei Ramírez,LD%,15.9
1176,Andy LaRoche,LD%,15.8
1177,Cody Ross,LD%,20.0
1178,Chipper Jones,LD%,18.5
1179,Billy Butler,LD%,18.3
1180,Nelson Cruz,LD%,17.9
1181,Marlon Byrd,LD%,19.4
1182,Clint Barmes,LD%,21.9
1183,Grady Sizemore,LD%,16.7
1184,David DeJesus,LD%,19.1
1185,Adam LaRoche,LD%,20.3
1186,José López,LD%,21.8
1187,Dan Uggla,LD%,17.7
1188,James Loney,LD%,21.1
1189,Kosuke Fukudome,LD%,21.5
1190,Paul Konerko,LD%,21.3
1191,Nick Swisher,LD%,17.8
1192,Miguel Tejada,LD%,18.3
1193,Colby Rasmus,LD%,18.9
1194,Carlos Lee,LD%,20.3
1195,Jimmy Rollins,LD%,19.2
1196,Mark DeRosa,LD%,17.5
1197,Daniel Murphy,LD%,20.5
1198,Cristian Guzmán,LD%,18.8
1199,Skip Schumaker,LD%,20.6
1200,A.J. Pierzynski,LD%,19.9
1201,Nick Johnson,LD%,22.4
1202,Kevin Kouzmanoff,LD%,19.3
1203,Luis Castillo,LD%,21.5
1204,Brad Hawpe,LD%,22.5
1205,Jeff Francoeur,LD%,21.9
1206,Ryan Ludwick,LD%,21.0
1207,Randy Winn,LD%,21.3
1208,Scott Podsednik,LD%,16.6
1209,Dexter Fowler,LD%,19.8
1210,Luke Scott,LD%,16.8
1211,Melky Cabrera,LD%,20.5
1212,Pedro Feliz,LD%,20.4
1213,B.J. Upton,LD%,17.4
1214,Chris Coghlan,LD%,23.2
1215,Adam Kennedy,LD%,25.9
1216,Ryan Theriot,LD%,18.6
1217,Jhonny Peralta,LD%,18.2
1218,Jack Cust,LD%,22.0
1219,David Eckstein,LD%,20.0
1220,Aaron Rowand,LD%,16.4
1221,Vernon Wells,LD%,16.2
1222,Álex Ríos,LD%,17.0
1223,Jorge Cantú,LD%,22.4
1224,Magglio Ordóñez,LD%,23.1
1225,David Ortiz,LD%,16.2
1226,Chase Headley,LD%,18.0
1227,Kazuo Matsui,LD%,17.5
1228,Jermaine Dye,LD%,17.6
1229,Jason Kendall,LD%,20.2
1230,Mark Teahen,LD%,19.3
1231,Adam Dunn,LD%,22.4
1232,Bengie Molina,LD%,19.6
1233,Orlando Cabrera,LD%,20.1
1234,Emilio Bonifácio,LD%,16.4
1235,Édgar Rentería,LD%,20.7
1236,Garret Anderson,LD%,19.2
1237,Alfonso Soriano,LD%,18.0
1238,Aubrey Huff,LD%,17.8
1239,Yuniesky Betancourt,LD%,17.2
1240,Albert Pujols,Oppo%,10.5
1241,Ben Zobrist,Oppo%,12.4
1242,Chase Utley,Oppo%,15.9
1243,Joe Mauer,Oppo%,24.5
1244,Chone Figgins,Oppo%,20.3
1245,Hanley Ramírez,Oppo%,17.7
1246,Ryan Zimmerman,Oppo%,17.1
1247,Evan Longoria,Oppo%,13.7
1248,Adrián González,Oppo%,19.4
1249,Franklin Gutierrez,Oppo%,16.2
1250,Derek Jeter,Oppo%,21.7
1251,Kevin Youkilis,Oppo%,15.1
1252,Troy Tulowitzki,Oppo%,14.8
1253,Prince Fielder,Oppo%,17.5
1254,Ryan Braun,Oppo%,14.9
1255,Jason Bartlett,Oppo%,13.6
1256,Ian Kinsler,Oppo%,15.5
1257,Aaron Hill,Oppo%,11.7
1258,Dustin Pedroia,Oppo%,18.6
1259,Shin-Soo Choo,Oppo%,18.7
1260,Derrek Lee,Oppo%,16.9
1261,Marco Scutaro,Oppo%,19.8
1262,Matt Holliday,Oppo%,20.2
1263,Mark Teixeira,Oppo%,10.4
1264,Torii Hunter,Oppo%,10.2
1265,Scott Rolen,Oppo%,15.7
1266,Jason Bay,Oppo%,12.6
1267,Miguel Cabrera,Oppo%,19.2
1268,Carl Crawford,Oppo%,24.7
1269,Michael Bourn,Oppo%,22.0
1270,Matt Kemp,Oppo%,13.5
1271,Joey Votto,Oppo%,17.4
1272,Ichiro Suzuki,Oppo%,17.3
1273,Casey Blake,Oppo%,18.9
1274,Jayson Werth,Oppo%,16.2
1275,Robinson Canó,Oppo%,19.9
1276,J.D. Drew,Oppo%,13.3
1277,Curtis Granderson,Oppo%,15.4
1278,Kendrys Morales,Oppo%,15.3
1279,Pablo Sandoval,Oppo%,18.8
1280,Yunel Escobar,Oppo%,20.8
1281,Asdrúbal Cabrera,Oppo%,15.0
1282,Johnny Damon,Oppo%,16.5
1283,Álex Rodríguez,Oppo%,12.6
1284,Orlando Hudson,Oppo%,17.4
1285,Justin Upton,Oppo%,15.9
1286,Hunter Pence,Oppo%,16.1
1287,Adam Lind,Oppo%,18.5
1288,Denard Span,Oppo%,17.2
1289,Juan Rivera,Oppo%,13.2
1290,Ryan Howard,Oppo%,11.7
1291,Shane Victorino,Oppo%,10.6
1292,Elvis Andrus,Oppo%,17.0
1293,Victor Martinez,Oppo%,14.2
1294,Lance Berkman,Oppo%,23.0
1295,Justin Morneau,Oppo%,15.6
1296,Jason Kubel,Oppo%,12.3
1297,Erick Aybar,Oppo%,15.8
1298,Rafael Furcal,Oppo%,17.2
1299,Kurt Suzuki,Oppo%,16.8
1300,Nate McLouth,Oppo%,12.3
1301,Todd Helton,Oppo%,17.3
1302,Mark Reynolds,Oppo%,14.7
1303,Felipe López,Oppo%,17.0
1304,Brian McCann,Oppo%,15.9
1305,David Wright,Oppo%,23.3
1306,Bobby Abreu,Oppo%,21.8
1307,Yadier Molina,Oppo%,19.8
1308,Carlos Peña,Oppo%,11.3
1309,Mike Cameron,Oppo%,15.5
1310,Andre Ethier,Oppo%,16.9
1311,Ryan Sweeney,Oppo%,25.2
1312,Martín Prado,Oppo%,20.0
1313,Stephen Drew,Oppo%,18.6
1314,Brian Roberts,Oppo%,21.7
1315,Nick Markakis,Oppo%,21.6
1316,Raúl Ibañez,Oppo%,15.0
1317,Brandon Inge,Oppo%,14.6
1318,Michael Young,Oppo%,23.3
1319,Brandon Phillips,Oppo%,20.6
1320,Michael Cuddyer,Oppo%,14.2
1321,Jacoby Ellsbury,Oppo%,19.0
1322,Nyjer Morgan,Oppo%,19.5
1323,Hideki Matsui,Oppo%,15.4
1324,Adam Jones,Oppo%,15.9
1325,Russell Branyan,Oppo%,17.3
1326,Josh Willingham,Oppo%,11.8
1327,Alberto Callaspo,Oppo%,15.8
1328,Plácido Polanco,Oppo%,15.2
1329,Russell Martin,Oppo%,16.8
1330,Alexei Ramírez,Oppo%,13.9
1331,Andy LaRoche,Oppo%,16.1
1332,Cody Ross,Oppo%,14.6
1333,Chipper Jones,Oppo%,19.8
1334,Billy Butler,Oppo%,17.3
1335,Nelson Cruz,Oppo%,17.6
1336,Marlon Byrd,Oppo%,13.7
1337,Clint Barmes,Oppo%,15.4
1338,Grady Sizemore,Oppo%,18.7
1339,David DeJesus,Oppo%,16.8
1340,Adam LaRoche,Oppo%,14.8
1341,José López,Oppo%,12.6
1342,Dan Uggla,Oppo%,11.9
1343,James Loney,Oppo%,20.3
1344,Kosuke Fukudome,Oppo%,15.7
1345,Paul Konerko,Oppo%,11.0
1346,Nick Swisher,Oppo%,17.1
1347,Miguel Tejada,Oppo%,18.3
1348,Colby Rasmus,Oppo%,15.0
1349,Carlos Lee,Oppo%,12.5
1350,Jimmy Rollins,Oppo%,14.0
1351,Mark DeRosa,Oppo%,17.5
1352,Daniel Murphy,Oppo%,22.1
1353,Cristian Guzmán,Oppo%,17.4
1354,Skip Schumaker,Oppo%,18.9
1355,A.J. Pierzynski,Oppo%,20.1
1356,Nick Johnson,Oppo%,18.1
1357,Kevin Kouzmanoff,Oppo%,12.4
1358,Luis Castillo,Oppo%,21.8
1359,Brad Hawpe,Oppo%,19.4
1360,Jeff Francoeur,Oppo%,20.4
1361,Ryan Ludwick,Oppo%,17.4
1362,Randy Winn,Oppo%,17.1
1363,Scott Podsednik,Oppo%,20.0
1364,Dexter Fowler,Oppo%,17.4
1365,Luke Scott,Oppo%,13.0
1366,Melky Cabrera,Oppo%,17.3
1367,Pedro Feliz,Oppo%,14.3
1368,B.J. Upton,Oppo%,15.0
1369,Chris Coghlan,Oppo%,18.1
1370,Adam Kennedy,Oppo%,20.2
1371,Ryan Theriot,Oppo%,18.8
1372,Jhonny Peralta,Oppo%,12.3
1373,Jack Cust,Oppo%,17.8
1374,David Eckstein,Oppo%,22.8
1375,Aaron Rowand,Oppo%,17.5
1376,Vernon Wells,Oppo%,9.5
1377,Álex Ríos,Oppo%,14.7
1378,Jorge Cantú,Oppo%,11.0
1379,Magglio Ordóñez,Oppo%,22.9
1380,David Ortiz,Oppo%,18.1
1381,Chase Headley,Oppo%,16.7
1382,Kazuo Matsui,Oppo%,20.0
1383,Jermaine Dye,Oppo%,15.4
1384,Jason Kendall,Oppo%,15.8
1385,Mark Teahen,Oppo%,17.0
1386,Adam Dunn,Oppo%,16.5
1387,Bengie Molina,Oppo%,16.1
1388,Orlando Cabrera,Oppo%,19.1
1389,Emilio Bonifácio,Oppo%,20.6
1390,Édgar Rentería,Oppo%,16.5
1391,Garret Anderson,Oppo%,13.4
1392,Alfonso Soriano,Oppo%,17.5
1393,Aubrey Huff,Oppo%,12.6
1394,Yuniesky Betancourt,Oppo%,12.9
1395,Albert Pujols,Cent%,55.5
1396,Ben Zobrist,Cent%,56.2
1397,Chase Utley,Cent%,50.3
1398,Joe Mauer,Cent%,57.0
1399,Chone Figgins,Cent%,58.7
1400,Hanley Ramírez,Cent%,58.0
1401,Ryan Zimmerman,Cent%,61.4
1402,Evan Longoria,Cent%,55.2
1403,Adrián González,Cent%,58.0
1404,Franklin Gutierrez,Cent%,58.5
1405,Derek Jeter,Cent%,63.0
1406,Kevin Youkilis,Cent%,53.5
1407,Troy Tulowitzki,Cent%,58.1
1408,Prince Fielder,Cent%,59.1
1409,Ryan Braun,Cent%,55.3
1410,Jason Bartlett,Cent%,53.5
1411,Ian Kinsler,Cent%,50.8
1412,Aaron Hill,Cent%,58.2
1413,Dustin Pedroia,Cent%,52.0
1414,Shin-Soo Choo,Cent%,55.4
1415,Derrek Lee,Cent%,56.4
1416,Marco Scutaro,Cent%,56.0
1417,Matt Holliday,Cent%,54.7
1418,Mark Teixeira,Cent%,51.0
1419,Torii Hunter,Cent%,63.2
1420,Scott Rolen,Cent%,57.2
1421,Jason Bay,Cent%,51.5
1422,Miguel Cabrera,Cent%,53.5
1423,Carl Crawford,Cent%,56.8
1424,Michael Bourn,Cent%,59.2
1425,Matt Kemp,Cent%,56.9
1426,Joey Votto,Cent%,60.9
1427,Ichiro Suzuki,Cent%,61.6
1428,Casey Blake,Cent%,54.7
1429,Jayson Werth,Cent%,57.7
1430,Robinson Canó,Cent%,60.2
1431,J.D. Drew,Cent%,53.0
1432,Curtis Granderson,Cent%,46.9
1433,Kendrys Morales,Cent%,59.1
1434,Pablo Sandoval,Cent%,60.7
1435,Yunel Escobar,Cent%,57.9
1436,Asdrúbal Cabrera,Cent%,58.4
1437,Johnny Damon,Cent%,48.4
1438,Álex Rodríguez,Cent%,56.0
1439,Orlando Hudson,Cent%,59.9
1440,Justin Upton,Cent%,62.4
1441,Hunter Pence,Cent%,64.7
1442,Adam Lind,Cent%,56.1
1443,Denard Span,Cent%,61.3
1444,Juan Rivera,Cent%,60.3
1445,Ryan Howard,Cent%,55.9
1446,Shane Victorino,Cent%,59.6
1447,Elvis Andrus,Cent%,59.8
1448,Victor Martinez,Cent%,54.8
1449,Lance Berkman,Cent%,54.4
1450,Justin Morneau,Cent%,56.9
1451,Jason Kubel,Cent%,59.8
1452,Erick Aybar,Cent%,56.3
1453,Rafael Furcal,Cent%,57.7
1454,Kurt Suzuki,Cent%,58.8
1455,Nate McLouth,Cent%,53.0
1456,Todd Helton,Cent%,59.7
1457,Mark Reynolds,Cent%,53.4
1458,Felipe López,Cent%,60.4
1459,Brian McCann,Cent%,45.7
1460,David Wright,Cent%,53.1
1461,Bobby Abreu,Cent%,59.5
1462,Yadier Molina,Cent%,61.5
1463,Carlos Peña,Cent%,46.0
1464,Mike Cameron,Cent%,51.4
1465,Andre Ethier,Cent%,58.3
1466,Ryan Sweeney,Cent%,56.1
1467,Martín Prado,Cent%,56.3
1468,Stephen Drew,Cent%,58.5
1469,Brian Roberts,Cent%,49.1
1470,Nick Markakis,Cent%,54.0
1471,Raúl Ibañez,Cent%,58.3
1472,Brandon Inge,Cent%,52.5
1473,Michael Young,Cent%,61.3
1474,Brandon Phillips,Cent%,54.7
1475,Michael Cuddyer,Cent%,55.5
1476,Jacoby Ellsbury,Cent%,56.2
1477,Nyjer Morgan,Cent%,63.7
1478,Hideki Matsui,Cent%,54.6
1479,Adam Jones,Cent%,56.7
1480,Russell Branyan,Cent%,47.8
1481,Josh Willingham,Cent%,54.2
1482,Alberto Callaspo,Cent%,58.5
1483,Plácido Polanco,Cent%,58.4
1484,Russell Martin,Cent%,56.8
1485,Alexei Ramírez,Cent%,55.5
1486,Andy LaRoche,Cent%,58.0
1487,Cody Ross,Cent%,59.0
1488,Chipper Jones,Cent%,56.5
1489,Billy Butler,Cent%,62.9
1490,Nelson Cruz,Cent%,54.6
1491,Marlon Byrd,Cent%,55.1
1492,Clint Barmes,Cent%,51.4
1493,Grady Sizemore,Cent%,52.4
1494,David DeJesus,Cent%,63.2
1495,Adam LaRoche,Cent%,55.3
1496,José López,Cent%,49.8
1497,Dan Uggla,Cent%,53.0
1498,James Loney,Cent%,57.5
1499,Kosuke Fukudome,Cent%,60.5
1500,Paul Konerko,Cent%,57.5
1501,Nick Swisher,Cent%,51.2
1502,Miguel Tejada,Cent%,54.6
1503,Colby Rasmus,Cent%,56.7
1504,Carlos Lee,Cent%,55.2
1505,Jimmy Rollins,Cent%,49.6
1506,Mark DeRosa,Cent%,54.6
1507,Daniel Murphy,Cent%,52.9
1508,Cristian Guzmán,Cent%,50.5
1509,Skip Schumaker,Cent%,60.9
1510,A.J. Pierzynski,Cent%,54.8
1511,Nick Johnson,Cent%,55.7
1512,Kevin Kouzmanoff,Cent%,61.5
1513,Luis Castillo,Cent%,67.3
1514,Brad Hawpe,Cent%,56.9
1515,Jeff Francoeur,Cent%,59.2
1516,Ryan Ludwick,Cent%,54.8
1517,Randy Winn,Cent%,59.6
1518,Scott Podsednik,Cent%,63.9
1519,Dexter Fowler,Cent%,51.8
1520,Luke Scott,Cent%,51.7
1521,Melky Cabrera,Cent%,59.0
1522,Pedro Feliz,Cent%,56.8
1523,B.J. Upton,Cent%,58.5
1524,Chris Coghlan,Cent%,58.5
1525,Adam Kennedy,Cent%,56.1
1526,Ryan Theriot,Cent%,66.0
1527,Jhonny Peralta,Cent%,55.5
1528,Jack Cust,Cent%,54.8
1529,David Eckstein,Cent%,54.9
1530,Aaron Rowand,Cent%,50.9
1531,Vernon Wells,Cent%,61.9
1532,Álex Ríos,Cent%,58.6
1533,Jorge Cantú,Cent%,53.6
1534,Magglio Ordóñez,Cent%,56.2
1535,David Ortiz,Cent%,53.9
1536,Chase Headley,Cent%,55.3
1537,Kazuo Matsui,Cent%,59.4
1538,Jermaine Dye,Cent%,54.4
1539,Jason Kendall,Cent%,54.6
1540,Mark Teahen,Cent%,64.0
1541,Adam Dunn,Cent%,51.1
1542,Bengie Molina,Cent%,57.4
1543,Orlando Cabrera,Cent%,57.9
1544,Emilio Bonifácio,Cent%,59.3
1545,Édgar Rentería,Cent%,60.8
1546,Garret Anderson,Cent%,54.6
1547,Alfonso Soriano,Cent%,49.6
1548,Aubrey Huff,Cent%,56.4
1549,Yuniesky Betancourt,Cent%,56.9
1550,Albert Pujols,Pull%,34.0
1551,Ben Zobrist,Pull%,31.3
1552,Chase Utley,Pull%,33.8
1553,Joe Mauer,Pull%,18.5
1554,Chone Figgins,Pull%,21.1
1555,Hanley Ramírez,Pull%,24.3
1556,Ryan Zimmerman,Pull%,21.5
1557,Evan Longoria,Pull%,31.0
1558,Adrián González,Pull%,22.5
1559,Franklin Gutierrez,Pull%,25.3
1560,Derek Jeter,Pull%,15.3
1561,Kevin Youkilis,Pull%,31.4
1562,Troy Tulowitzki,Pull%,27.1
1563,Prince Fielder,Pull%,23.4
1564,Ryan Braun,Pull%,29.8
1565,Jason Bartlett,Pull%,32.9
1566,Ian Kinsler,Pull%,33.7
1567,Aaron Hill,Pull%,30.1
1568,Dustin Pedroia,Pull%,29.3
1569,Shin-Soo Choo,Pull%,26.0
1570,Derrek Lee,Pull%,26.7
1571,Marco Scutaro,Pull%,24.3
1572,Matt Holliday,Pull%,25.1
1573,Mark Teixeira,Pull%,38.6
1574,Torii Hunter,Pull%,26.6
1575,Scott Rolen,Pull%,27.1
1576,Jason Bay,Pull%,35.9
1577,Miguel Cabrera,Pull%,27.3
1578,Carl Crawford,Pull%,18.5
1579,Michael Bourn,Pull%,18.8
1580,Matt Kemp,Pull%,29.6
1581,Joey Votto,Pull%,21.8
1582,Ichiro Suzuki,Pull%,21.0
1583,Casey Blake,Pull%,26.3
1584,Jayson Werth,Pull%,26.1
1585,Robinson Canó,Pull%,19.9
1586,J.D. Drew,Pull%,33.6
1587,Curtis Granderson,Pull%,37.8
1588,Kendrys Morales,Pull%,25.6
1589,Pablo Sandoval,Pull%,20.4
1590,Yunel Escobar,Pull%,21.3
1591,Asdrúbal Cabrera,Pull%,26.6
1592,Johnny Damon,Pull%,35.2
1593,Álex Rodríguez,Pull%,31.4
1594,Orlando Hudson,Pull%,22.7
1595,Justin Upton,Pull%,21.7
1596,Hunter Pence,Pull%,19.2
1597,Adam Lind,Pull%,25.4
1598,Denard Span,Pull%,21.5
1599,Juan Rivera,Pull%,26.5
1600,Ryan Howard,Pull%,32.4
1601,Shane Victorino,Pull%,29.8
1602,Elvis Andrus,Pull%,23.2
1603,Victor Martinez,Pull%,31.0
1604,Lance Berkman,Pull%,22.7
1605,Justin Morneau,Pull%,27.5
1606,Jason Kubel,Pull%,27.8
1607,Erick Aybar,Pull%,27.8
1608,Rafael Furcal,Pull%,25.1
1609,Kurt Suzuki,Pull%,24.5
1610,Nate McLouth,Pull%,34.7
1611,Todd Helton,Pull%,23.1
1612,Mark Reynolds,Pull%,31.9
1613,Felipe López,Pull%,22.6
1614,Brian McCann,Pull%,38.4
1615,David Wright,Pull%,23.6
1616,Bobby Abreu,Pull%,18.7
1617,Yadier Molina,Pull%,18.7
1618,Carlos Peña,Pull%,42.8
1619,Mike Cameron,Pull%,33.1
1620,Andre Ethier,Pull%,24.8
1621,Ryan Sweeney,Pull%,18.6
1622,Martín Prado,Pull%,23.7
1623,Stephen Drew,Pull%,22.9
1624,Brian Roberts,Pull%,29.1
1625,Nick Markakis,Pull%,24.5
1626,Raúl Ibañez,Pull%,26.7
1627,Brandon Inge,Pull%,32.8
1628,Michael Young,Pull%,15.4
1629,Brandon Phillips,Pull%,24.7
1630,Michael Cuddyer,Pull%,30.3
1631,Jacoby Ellsbury,Pull%,24.7
1632,Nyjer Morgan,Pull%,16.8
1633,Hideki Matsui,Pull%,30.0
1634,Adam Jones,Pull%,27.4
1635,Russell Branyan,Pull%,34.9
1636,Josh Willingham,Pull%,34.1
1637,Alberto Callaspo,Pull%,25.7
1638,Plácido Polanco,Pull%,26.4
1639,Russell Martin,Pull%,26.4
1640,Alexei Ramírez,Pull%,30.6
1641,Andy LaRoche,Pull%,25.9
1642,Cody Ross,Pull%,26.4
1643,Chipper Jones,Pull%,23.7
1644,Billy Butler,Pull%,19.8
1645,Nelson Cruz,Pull%,27.7
1646,Marlon Byrd,Pull%,31.2
1647,Clint Barmes,Pull%,33.3
1648,Grady Sizemore,Pull%,28.8
1649,David DeJesus,Pull%,20.0
1650,Adam LaRoche,Pull%,29.9
1651,José López,Pull%,37.5
1652,Dan Uggla,Pull%,35.1
1653,James Loney,Pull%,22.2
1654,Kosuke Fukudome,Pull%,23.8
1655,Paul Konerko,Pull%,31.5
1656,Nick Swisher,Pull%,31.8
1657,Miguel Tejada,Pull%,27.1
1658,Colby Rasmus,Pull%,28.2
1659,Carlos Lee,Pull%,32.3
1660,Jimmy Rollins,Pull%,36.5
1661,Mark DeRosa,Pull%,27.9
1662,Daniel Murphy,Pull%,25.0
1663,Cristian Guzmán,Pull%,32.0
1664,Skip Schumaker,Pull%,20.2
1665,A.J. Pierzynski,Pull%,25.1
1666,Nick Johnson,Pull%,26.1
1667,Kevin Kouzmanoff,Pull%,26.1
1668,Luis Castillo,Pull%,10.9
1669,Brad Hawpe,Pull%,23.6
1670,Jeff Francoeur,Pull%,20.4
1671,Ryan Ludwick,Pull%,27.8
1672,Randy Winn,Pull%,23.2
1673,Scott Podsednik,Pull%,16.1
1674,Dexter Fowler,Pull%,30.8
1675,Luke Scott,Pull%,35.3
1676,Melky Cabrera,Pull%,23.7
1677,Pedro Feliz,Pull%,28.9
1678,B.J. Upton,Pull%,26.6
1679,Chris Coghlan,Pull%,23.4
1680,Adam Kennedy,Pull%,23.7
1681,Ryan Theriot,Pull%,15.2
1682,Jhonny Peralta,Pull%,32.2
1683,Jack Cust,Pull%,27.4
1684,David Eckstein,Pull%,22.4
1685,Aaron Rowand,Pull%,31.6
1686,Vernon Wells,Pull%,28.6
1687,Álex Ríos,Pull%,26.7
1688,Jorge Cantú,Pull%,35.4
1689,Magglio Ordóñez,Pull%,20.9
1690,David Ortiz,Pull%,28.0
1691,Chase Headley,Pull%,27.9
1692,Kazuo Matsui,Pull%,20.7
1693,Jermaine Dye,Pull%,30.2
1694,Jason Kendall,Pull%,29.6
1695,Mark Teahen,Pull%,19.0
1696,Adam Dunn,Pull%,32.4
1697,Bengie Molina,Pull%,26.5
1698,Orlando Cabrera,Pull%,23.0
1699,Emilio Bonifácio,Pull%,20.1
1700,Édgar Rentería,Pull%,22.8
1701,Garret Anderson,Pull%,31.9
1702,Alfonso Soriano,Pull%,33.0
1703,Aubrey Huff,Pull%,31.1
1704,Yuniesky Betancourt,Pull%,30.2
1705,MLB,AVG,0.262
1706,MLB,OBP,0.333
1707,MLB,SLG,0.418
1708,MLB,BABiP,0.299
1709,MLB,ISO,0.155
1710,MLB,GB%,42.8
1711,MLB,FB%,28.5
1712,MLB,LD%,18.9
1713,MLB,Oppo%,16.7
1714,MLB,Cent%,57.1
1715,MLB,Pull%,26.2
